{
    "hidden_dim": 185,
    "lr": 0.0004501114698148457,
    "gamma": 0.9594462344297321,
    "epsilon": 0.18497405608834605,
    "epochs": 11,
    "batch_size": 225,
    "gae_lambda": 0.9065252759064177
}