{"game": 0, "score": 0, "avg_score": 0.0, "reward": 128.68267270992231, "early_stop": {"no_improvement_count": 0, "best_avg_score": -Infinity}, "params": {"network": {"hidden_dim": 40, "lr": 0.0006203037447105315, "gamma": 0.9631029910797889, "epsilon": 0.22256613922582888, "epochs": 18, "batch_size": 53, "gae_lambda": 0.9413013919989672}, "early_stop": {"early_stop_window": 21, "early_stop_threshold": 0.34763628900039323, "min_games": 38, "patience": 4}, "reward": {"food_reward": 50.74795811629851, "death_penalty": -19.359227614393497, "distance_reward_factor": 1.7027066274959153, "distance_penalty_factor": 0.7308563964319134, "direction_reward_factor": 0.8751824757165354, "direction_penalty_factor": 0.6457353450472133, "length_reward_factor": 0.08963709810610823, "max_length": 56}}}
{"game": 10, "score": 0, "avg_score": 0.09090909090909091, "reward": 41.73422230028517, "early_stop": {"no_improvement_count": 0, "best_avg_score": -Infinity}, "params": {"network": {"hidden_dim": 40, "lr": 0.0006203037447105315, "gamma": 0.9631029910797889, "epsilon": 0.22256613922582888, "epochs": 18, "batch_size": 53, "gae_lambda": 0.9413013919989672}, "early_stop": {"early_stop_window": 21, "early_stop_threshold": 0.34763628900039323, "min_games": 38, "patience": 4}, "reward": {"food_reward": 50.74795811629851, "death_penalty": -19.359227614393497, "distance_reward_factor": 1.7027066274959153, "distance_penalty_factor": 0.7308563964319134, "direction_reward_factor": 0.8751824757165354, "direction_penalty_factor": 0.6457353450472133, "length_reward_factor": 0.08963709810610823, "max_length": 56}}}
{"game": 20, "score": 0, "avg_score": 0.19047619047619047, "reward": 10.750605314786092, "early_stop": {"no_improvement_count": 0, "best_avg_score": -Infinity}, "params": {"network": {"hidden_dim": 40, "lr": 0.0006203037447105315, "gamma": 0.9631029910797889, "epsilon": 0.22256613922582888, "epochs": 18, "batch_size": 53, "gae_lambda": 0.9413013919989672}, "early_stop": {"early_stop_window": 21, "early_stop_threshold": 0.34763628900039323, "min_games": 38, "patience": 4}, "reward": {"food_reward": 50.74795811629851, "death_penalty": -19.359227614393497, "distance_reward_factor": 1.7027066274959153, "distance_penalty_factor": 0.7308563964319134, "direction_reward_factor": 0.8751824757165354, "direction_penalty_factor": 0.6457353450472133, "length_reward_factor": 0.08963709810610823, "max_length": 56}}}
{"game": 30, "score": 1, "avg_score": 0.47619047619047616, "reward": 146.13112022449798, "early_stop": {"no_improvement_count": 0, "best_avg_score": -Infinity}, "params": {"network": {"hidden_dim": 40, "lr": 0.0006203037447105315, "gamma": 0.9631029910797889, "epsilon": 0.22256613922582888, "epochs": 18, "batch_size": 53, "gae_lambda": 0.9413013919989672}, "early_stop": {"early_stop_window": 21, "early_stop_threshold": 0.34763628900039323, "min_games": 38, "patience": 4}, "reward": {"food_reward": 50.74795811629851, "death_penalty": -19.359227614393497, "distance_reward_factor": 1.7027066274959153, "distance_penalty_factor": 0.7308563964319134, "direction_reward_factor": 0.8751824757165354, "direction_penalty_factor": 0.6457353450472133, "length_reward_factor": 0.08963709810610823, "max_length": 56}}}
