{"game": 0, "score": 0, "avg_score": 0.0, "reward": -19.004001481870297, "early_stop": {"no_improvement_count": 0, "best_avg_score": -Infinity}, "params": {"network": {"hidden_dim": 33, "lr": 0.0003273587721927926, "gamma": 0.9655638838943693, "epsilon": 0.20442666452029495, "epochs": 12, "batch_size": 66, "gae_lambda": 0.9388636896446985}, "early_stop": {"early_stop_window": 42, "early_stop_threshold": 0.39829518263193675, "min_games": 38, "patience": 6}, "reward": {"food_reward": 77.31050186672886, "death_penalty": -15.612505171127323, "distance_reward_factor": 1.1831283084729776, "distance_penalty_factor": 0.6233458689920192, "direction_reward_factor": 0.5782017069458221, "direction_penalty_factor": 0.6262407259703578, "length_reward_factor": 0.05191418805386076, "max_length": 49}}}
{"game": 10, "score": 0, "avg_score": 0.0, "reward": -27.996197670168414, "early_stop": {"no_improvement_count": 0, "best_avg_score": -Infinity}, "params": {"network": {"hidden_dim": 33, "lr": 0.0003273587721927926, "gamma": 0.9655638838943693, "epsilon": 0.20442666452029495, "epochs": 12, "batch_size": 66, "gae_lambda": 0.9388636896446985}, "early_stop": {"early_stop_window": 42, "early_stop_threshold": 0.39829518263193675, "min_games": 38, "patience": 6}, "reward": {"food_reward": 77.31050186672886, "death_penalty": -15.612505171127323, "distance_reward_factor": 1.1831283084729776, "distance_penalty_factor": 0.6233458689920192, "direction_reward_factor": 0.5782017069458221, "direction_penalty_factor": 0.6262407259703578, "length_reward_factor": 0.05191418805386076, "max_length": 49}}}
{"game": 20, "score": 0, "avg_score": 0.0, "reward": -34.79642770828214, "early_stop": {"no_improvement_count": 0, "best_avg_score": -Infinity}, "params": {"network": {"hidden_dim": 33, "lr": 0.0003273587721927926, "gamma": 0.9655638838943693, "epsilon": 0.20442666452029495, "epochs": 12, "batch_size": 66, "gae_lambda": 0.9388636896446985}, "early_stop": {"early_stop_window": 42, "early_stop_threshold": 0.39829518263193675, "min_games": 38, "patience": 6}, "reward": {"food_reward": 77.31050186672886, "death_penalty": -15.612505171127323, "distance_reward_factor": 1.1831283084729776, "distance_penalty_factor": 0.6233458689920192, "direction_reward_factor": 0.5782017069458221, "direction_penalty_factor": 0.6262407259703578, "length_reward_factor": 0.05191418805386076, "max_length": 49}}}
{"game": 30, "score": 0, "avg_score": 0.0, "reward": -34.356304095562976, "early_stop": {"no_improvement_count": 0, "best_avg_score": -Infinity}, "params": {"network": {"hidden_dim": 33, "lr": 0.0003273587721927926, "gamma": 0.9655638838943693, "epsilon": 0.20442666452029495, "epochs": 12, "batch_size": 66, "gae_lambda": 0.9388636896446985}, "early_stop": {"early_stop_window": 42, "early_stop_threshold": 0.39829518263193675, "min_games": 38, "patience": 6}, "reward": {"food_reward": 77.31050186672886, "death_penalty": -15.612505171127323, "distance_reward_factor": 1.1831283084729776, "distance_penalty_factor": 0.6233458689920192, "direction_reward_factor": 0.5782017069458221, "direction_penalty_factor": 0.6262407259703578, "length_reward_factor": 0.05191418805386076, "max_length": 49}}}
{"game": 40, "score": 0, "avg_score": 0.0, "reward": -18.41806514985509, "early_stop": {"no_improvement_count": 2, "best_avg_score": 0.0}, "params": {"network": {"hidden_dim": 33, "lr": 0.0003273587721927926, "gamma": 0.9655638838943693, "epsilon": 0.20442666452029495, "epochs": 12, "batch_size": 66, "gae_lambda": 0.9388636896446985}, "early_stop": {"early_stop_window": 42, "early_stop_threshold": 0.39829518263193675, "min_games": 38, "patience": 6}, "reward": {"food_reward": 77.31050186672886, "death_penalty": -15.612505171127323, "distance_reward_factor": 1.1831283084729776, "distance_penalty_factor": 0.6233458689920192, "direction_reward_factor": 0.5782017069458221, "direction_penalty_factor": 0.6262407259703578, "length_reward_factor": 0.05191418805386076, "max_length": 49}}}
{"game": 50, "score": 0, "avg_score": 0.047619047619047616, "reward": -34.356304095562976, "early_stop": {"no_improvement_count": 3, "best_avg_score": 0.047619047619047616}, "params": {"network": {"hidden_dim": 33, "lr": 0.0003273587721927926, "gamma": 0.9655638838943693, "epsilon": 0.20442666452029495, "epochs": 12, "batch_size": 66, "gae_lambda": 0.9388636896446985}, "early_stop": {"early_stop_window": 42, "early_stop_threshold": 0.39829518263193675, "min_games": 38, "patience": 6}, "reward": {"food_reward": 77.31050186672886, "death_penalty": -15.612505171127323, "distance_reward_factor": 1.1831283084729776, "distance_penalty_factor": 0.6233458689920192, "direction_reward_factor": 0.5782017069458221, "direction_penalty_factor": 0.6262407259703578, "length_reward_factor": 0.05191418805386076, "max_length": 49}}}
