{"game": 0, "score": 0, "avg_score": 0.0, "reward": -19.388270390753117, "early_stop": {"no_improvement_count": 0, "best_avg_score": -Infinity}, "params": {"network": {"hidden_dim": 41, "lr": 0.0005634217049944768, "gamma": 0.9621738173650647, "epsilon": 0.22324898383878178, "epochs": 13, "batch_size": 32, "gae_lambda": 0.9406788229747056}, "early_stop": {"early_stop_window": 37, "early_stop_threshold": 0.4976753372182915, "min_games": 46, "patience": 7}, "reward": {"food_reward": 60.14975448247912, "death_penalty": -15.207747425921662, "distance_reward_factor": 1.2046359072125659, "distance_penalty_factor": 0.5564361559661976, "direction_reward_factor": 0.5148341222436903, "direction_penalty_factor": 0.8823646854769109, "length_reward_factor": 0.049965345370494046, "max_length": 53}}}
{"game": 10, "score": 1, "avg_score": 0.5454545454545454, "reward": 70.03537431626678, "early_stop": {"no_improvement_count": 0, "best_avg_score": -Infinity}, "params": {"network": {"hidden_dim": 41, "lr": 0.0005634217049944768, "gamma": 0.9621738173650647, "epsilon": 0.22324898383878178, "epochs": 13, "batch_size": 32, "gae_lambda": 0.9406788229747056}, "early_stop": {"early_stop_window": 37, "early_stop_threshold": 0.4976753372182915, "min_games": 46, "patience": 7}, "reward": {"food_reward": 60.14975448247912, "death_penalty": -15.207747425921662, "distance_reward_factor": 1.2046359072125659, "distance_penalty_factor": 0.5564361559661976, "direction_reward_factor": 0.5148341222436903, "direction_penalty_factor": 0.8823646854769109, "length_reward_factor": 0.049965345370494046, "max_length": 53}}}
{"game": 20, "score": 0, "avg_score": 0.6190476190476191, "reward": -9.454850904310893, "early_stop": {"no_improvement_count": 0, "best_avg_score": -Infinity}, "params": {"network": {"hidden_dim": 41, "lr": 0.0005634217049944768, "gamma": 0.9621738173650647, "epsilon": 0.22324898383878178, "epochs": 13, "batch_size": 32, "gae_lambda": 0.9406788229747056}, "early_stop": {"early_stop_window": 37, "early_stop_threshold": 0.4976753372182915, "min_games": 46, "patience": 7}, "reward": {"food_reward": 60.14975448247912, "death_penalty": -15.207747425921662, "distance_reward_factor": 1.2046359072125659, "distance_penalty_factor": 0.5564361559661976, "direction_reward_factor": 0.5148341222436903, "direction_penalty_factor": 0.8823646854769109, "length_reward_factor": 0.049965345370494046, "max_length": 53}}}
{"game": 30, "score": 1, "avg_score": 0.7096774193548387, "reward": 65.18449319644068, "early_stop": {"no_improvement_count": 0, "best_avg_score": -Infinity}, "params": {"network": {"hidden_dim": 41, "lr": 0.0005634217049944768, "gamma": 0.9621738173650647, "epsilon": 0.22324898383878178, "epochs": 13, "batch_size": 32, "gae_lambda": 0.9406788229747056}, "early_stop": {"early_stop_window": 37, "early_stop_threshold": 0.4976753372182915, "min_games": 46, "patience": 7}, "reward": {"food_reward": 60.14975448247912, "death_penalty": -15.207747425921662, "distance_reward_factor": 1.2046359072125659, "distance_penalty_factor": 0.5564361559661976, "direction_reward_factor": 0.5148341222436903, "direction_penalty_factor": 0.8823646854769109, "length_reward_factor": 0.049965345370494046, "max_length": 53}}}
{"game": 40, "score": 1, "avg_score": 0.972972972972973, "reward": 75.99949982724921, "early_stop": {"no_improvement_count": 0, "best_avg_score": -Infinity}, "params": {"network": {"hidden_dim": 41, "lr": 0.0005634217049944768, "gamma": 0.9621738173650647, "epsilon": 0.22324898383878178, "epochs": 13, "batch_size": 32, "gae_lambda": 0.9406788229747056}, "early_stop": {"early_stop_window": 37, "early_stop_threshold": 0.4976753372182915, "min_games": 46, "patience": 7}, "reward": {"food_reward": 60.14975448247912, "death_penalty": -15.207747425921662, "distance_reward_factor": 1.2046359072125659, "distance_penalty_factor": 0.5564361559661976, "direction_reward_factor": 0.5148341222436903, "direction_penalty_factor": 0.8823646854769109, "length_reward_factor": 0.049965345370494046, "max_length": 53}}}
{"game": 50, "score": 3, "avg_score": 1.3513513513513513, "reward": 261.7778080951335, "early_stop": {"no_improvement_count": 4, "best_avg_score": 1.2162162162162162}, "params": {"network": {"hidden_dim": 41, "lr": 0.0005634217049944768, "gamma": 0.9621738173650647, "epsilon": 0.22324898383878178, "epochs": 13, "batch_size": 32, "gae_lambda": 0.9406788229747056}, "early_stop": {"early_stop_window": 37, "early_stop_threshold": 0.4976753372182915, "min_games": 46, "patience": 7}, "reward": {"food_reward": 60.14975448247912, "death_penalty": -15.207747425921662, "distance_reward_factor": 1.2046359072125659, "distance_penalty_factor": 0.5564361559661976, "direction_reward_factor": 0.5148341222436903, "direction_penalty_factor": 0.8823646854769109, "length_reward_factor": 0.049965345370494046, "max_length": 53}}}
