{"game": 0, "score": 1, "avg_score": 1.0, "reward": 36.68003056521689, "early_stop": {"no_improvement_count": 0, "best_avg_score": -Infinity}, "params": {"network": {"hidden_dim": 63, "lr": 0.0005292152145546877, "gamma": 0.9573969318353821, "epsilon": 0.2305944551246848, "epochs": 19, "batch_size": 32, "gae_lambda": 0.9319322292667868}, "early_stop": {"early_stop_window": 37, "early_stop_threshold": 0.25320526438801705, "min_games": 45, "patience": 5}, "reward": {"food_reward": 66.1626925528271, "death_penalty": -11.944062998617794, "distance_reward_factor": 0.9950186323768467, "distance_penalty_factor": 0.5034288024922723, "direction_reward_factor": 0.404247888957104, "direction_penalty_factor": 0.9986444443298036, "length_reward_factor": 0.12182084713230622, "max_length": 76}}}
{"game": 10, "score": 0, "avg_score": 0.36363636363636365, "reward": -32.50540809624274, "early_stop": {"no_improvement_count": 0, "best_avg_score": -Infinity}, "params": {"network": {"hidden_dim": 63, "lr": 0.0005292152145546877, "gamma": 0.9573969318353821, "epsilon": 0.2305944551246848, "epochs": 19, "batch_size": 32, "gae_lambda": 0.9319322292667868}, "early_stop": {"early_stop_window": 37, "early_stop_threshold": 0.25320526438801705, "min_games": 45, "patience": 5}, "reward": {"food_reward": 66.1626925528271, "death_penalty": -11.944062998617794, "distance_reward_factor": 0.9950186323768467, "distance_penalty_factor": 0.5034288024922723, "direction_reward_factor": 0.404247888957104, "direction_penalty_factor": 0.9986444443298036, "length_reward_factor": 0.12182084713230622, "max_length": 76}}}
{"game": 20, "score": 1, "avg_score": 0.47619047619047616, "reward": 69.31657161015525, "early_stop": {"no_improvement_count": 0, "best_avg_score": -Infinity}, "params": {"network": {"hidden_dim": 63, "lr": 0.0005292152145546877, "gamma": 0.9573969318353821, "epsilon": 0.2305944551246848, "epochs": 19, "batch_size": 32, "gae_lambda": 0.9319322292667868}, "early_stop": {"early_stop_window": 37, "early_stop_threshold": 0.25320526438801705, "min_games": 45, "patience": 5}, "reward": {"food_reward": 66.1626925528271, "death_penalty": -11.944062998617794, "distance_reward_factor": 0.9950186323768467, "distance_penalty_factor": 0.5034288024922723, "direction_reward_factor": 0.404247888957104, "direction_penalty_factor": 0.9986444443298036, "length_reward_factor": 0.12182084713230622, "max_length": 76}}}
{"game": 30, "score": 1, "avg_score": 0.6129032258064516, "reward": 82.73963985153111, "early_stop": {"no_improvement_count": 0, "best_avg_score": -Infinity}, "params": {"network": {"hidden_dim": 63, "lr": 0.0005292152145546877, "gamma": 0.9573969318353821, "epsilon": 0.2305944551246848, "epochs": 19, "batch_size": 32, "gae_lambda": 0.9319322292667868}, "early_stop": {"early_stop_window": 37, "early_stop_threshold": 0.25320526438801705, "min_games": 45, "patience": 5}, "reward": {"food_reward": 66.1626925528271, "death_penalty": -11.944062998617794, "distance_reward_factor": 0.9950186323768467, "distance_penalty_factor": 0.5034288024922723, "direction_reward_factor": 0.404247888957104, "direction_penalty_factor": 0.9986444443298036, "length_reward_factor": 0.12182084713230622, "max_length": 76}}}
{"game": 40, "score": 1, "avg_score": 0.6756756756756757, "reward": 72.78917910634578, "early_stop": {"no_improvement_count": 0, "best_avg_score": -Infinity}, "params": {"network": {"hidden_dim": 63, "lr": 0.0005292152145546877, "gamma": 0.9573969318353821, "epsilon": 0.2305944551246848, "epochs": 19, "batch_size": 32, "gae_lambda": 0.9319322292667868}, "early_stop": {"early_stop_window": 37, "early_stop_threshold": 0.25320526438801705, "min_games": 45, "patience": 5}, "reward": {"food_reward": 66.1626925528271, "death_penalty": -11.944062998617794, "distance_reward_factor": 0.9950186323768467, "distance_penalty_factor": 0.5034288024922723, "direction_reward_factor": 0.404247888957104, "direction_penalty_factor": 0.9986444443298036, "length_reward_factor": 0.12182084713230622, "max_length": 76}}}
