{"game": 0, "score": 1, "avg_score": 1.0, "reward": -5.5227978455693005, "early_stop": {"no_improvement_count": 0, "best_avg_score": -Infinity}, "params": {"network": {"hidden_dim": 53, "lr": 0.00044812692910910744, "gamma": 0.9600098060972984, "epsilon": 0.21036303801299783, "epochs": 10, "batch_size": 52, "gae_lambda": 0.9459429578244262}, "early_stop": {"early_stop_window": 22, "early_stop_threshold": 0.49796597922678465, "min_games": 49, "patience": 7}, "reward": {"food_reward": 15.662484683218896, "death_penalty": -9.437188877274407, "distance_reward_factor": 1.6240279238498143, "distance_penalty_factor": 0.9729992806088779, "direction_reward_factor": 0.9015099283512304, "direction_penalty_factor": 0.8500056026751749, "length_reward_factor": 0.16821744661514243, "max_length": 87}}}
{"game": 10, "score": 1, "avg_score": 0.6363636363636364, "reward": 126.29316652805583, "early_stop": {"no_improvement_count": 0, "best_avg_score": -Infinity}, "params": {"network": {"hidden_dim": 53, "lr": 0.00044812692910910744, "gamma": 0.9600098060972984, "epsilon": 0.21036303801299783, "epochs": 10, "batch_size": 52, "gae_lambda": 0.9459429578244262}, "early_stop": {"early_stop_window": 22, "early_stop_threshold": 0.49796597922678465, "min_games": 49, "patience": 7}, "reward": {"food_reward": 15.662484683218896, "death_penalty": -9.437188877274407, "distance_reward_factor": 1.6240279238498143, "distance_penalty_factor": 0.9729992806088779, "direction_reward_factor": 0.9015099283512304, "direction_penalty_factor": 0.8500056026751749, "length_reward_factor": 0.16821744661514243, "max_length": 87}}}
{"game": 20, "score": 1, "avg_score": 0.8095238095238095, "reward": 14.610044422078895, "early_stop": {"no_improvement_count": 0, "best_avg_score": -Infinity}, "params": {"network": {"hidden_dim": 53, "lr": 0.00044812692910910744, "gamma": 0.9600098060972984, "epsilon": 0.21036303801299783, "epochs": 10, "batch_size": 52, "gae_lambda": 0.9459429578244262}, "early_stop": {"early_stop_window": 22, "early_stop_threshold": 0.49796597922678465, "min_games": 49, "patience": 7}, "reward": {"food_reward": 15.662484683218896, "death_penalty": -9.437188877274407, "distance_reward_factor": 1.6240279238498143, "distance_penalty_factor": 0.9729992806088779, "direction_reward_factor": 0.9015099283512304, "direction_penalty_factor": 0.8500056026751749, "length_reward_factor": 0.16821744661514243, "max_length": 87}}}
{"game": 30, "score": 2, "avg_score": 0.9090909090909091, "reward": 94.76766200741605, "early_stop": {"no_improvement_count": 0, "best_avg_score": -Infinity}, "params": {"network": {"hidden_dim": 53, "lr": 0.00044812692910910744, "gamma": 0.9600098060972984, "epsilon": 0.21036303801299783, "epochs": 10, "batch_size": 52, "gae_lambda": 0.9459429578244262}, "early_stop": {"early_stop_window": 22, "early_stop_threshold": 0.49796597922678465, "min_games": 49, "patience": 7}, "reward": {"food_reward": 15.662484683218896, "death_penalty": -9.437188877274407, "distance_reward_factor": 1.6240279238498143, "distance_penalty_factor": 0.9729992806088779, "direction_reward_factor": 0.9015099283512304, "direction_penalty_factor": 0.8500056026751749, "length_reward_factor": 0.16821744661514243, "max_length": 87}}}
{"game": 40, "score": 1, "avg_score": 0.7727272727272727, "reward": 75.04713997452737, "early_stop": {"no_improvement_count": 0, "best_avg_score": -Infinity}, "params": {"network": {"hidden_dim": 53, "lr": 0.00044812692910910744, "gamma": 0.9600098060972984, "epsilon": 0.21036303801299783, "epochs": 10, "batch_size": 52, "gae_lambda": 0.9459429578244262}, "early_stop": {"early_stop_window": 22, "early_stop_threshold": 0.49796597922678465, "min_games": 49, "patience": 7}, "reward": {"food_reward": 15.662484683218896, "death_penalty": -9.437188877274407, "distance_reward_factor": 1.6240279238498143, "distance_penalty_factor": 0.9729992806088779, "direction_reward_factor": 0.9015099283512304, "direction_penalty_factor": 0.8500056026751749, "length_reward_factor": 0.16821744661514243, "max_length": 87}}}
{"game": 50, "score": 1, "avg_score": 1.0, "reward": 38.05014167309145, "early_stop": {"no_improvement_count": 1, "best_avg_score": 0.9545454545454546}, "params": {"network": {"hidden_dim": 53, "lr": 0.00044812692910910744, "gamma": 0.9600098060972984, "epsilon": 0.21036303801299783, "epochs": 10, "batch_size": 52, "gae_lambda": 0.9459429578244262}, "early_stop": {"early_stop_window": 22, "early_stop_threshold": 0.49796597922678465, "min_games": 49, "patience": 7}, "reward": {"food_reward": 15.662484683218896, "death_penalty": -9.437188877274407, "distance_reward_factor": 1.6240279238498143, "distance_penalty_factor": 0.9729992806088779, "direction_reward_factor": 0.9015099283512304, "direction_penalty_factor": 0.8500056026751749, "length_reward_factor": 0.16821744661514243, "max_length": 87}}}
