{"game": 0, "score": 0, "avg_score": 0.0, "reward": -12.54822862818709, "early_stop": {"no_improvement_count": 0, "best_avg_score": -Infinity}, "params": {"network": {"hidden_dim": 65, "lr": 0.0008415060046069011, "gamma": 0.9698480356332629, "epsilon": 0.21889688459045942, "epochs": 17, "batch_size": 32, "gae_lambda": 0.9501403727703248}, "early_stop": {"early_stop_window": 41, "early_stop_threshold": 0.26721136997057504, "min_games": 32, "patience": 6}, "reward": {"food_reward": 72.42098903646738, "death_penalty": -19.9102134705438, "distance_reward_factor": 1.1845555704130764, "distance_penalty_factor": 0.5679743327941782, "direction_reward_factor": 0.4233528887074309, "direction_penalty_factor": 0.9790034608821717, "length_reward_factor": 0.04623168029346482, "max_length": 80}}}
{"game": 10, "score": 0, "avg_score": 0.2727272727272727, "reward": -7.724080381712323, "early_stop": {"no_improvement_count": 0, "best_avg_score": -Infinity}, "params": {"network": {"hidden_dim": 65, "lr": 0.0008415060046069011, "gamma": 0.9698480356332629, "epsilon": 0.21889688459045942, "epochs": 17, "batch_size": 32, "gae_lambda": 0.9501403727703248}, "early_stop": {"early_stop_window": 41, "early_stop_threshold": 0.26721136997057504, "min_games": 32, "patience": 6}, "reward": {"food_reward": 72.42098903646738, "death_penalty": -19.9102134705438, "distance_reward_factor": 1.1845555704130764, "distance_penalty_factor": 0.5679743327941782, "direction_reward_factor": 0.4233528887074309, "direction_penalty_factor": 0.9790034608821717, "length_reward_factor": 0.04623168029346482, "max_length": 80}}}
{"game": 20, "score": 0, "avg_score": 0.19047619047619047, "reward": -46.47870982684417, "early_stop": {"no_improvement_count": 0, "best_avg_score": -Infinity}, "params": {"network": {"hidden_dim": 65, "lr": 0.0008415060046069011, "gamma": 0.9698480356332629, "epsilon": 0.21889688459045942, "epochs": 17, "batch_size": 32, "gae_lambda": 0.9501403727703248}, "early_stop": {"early_stop_window": 41, "early_stop_threshold": 0.26721136997057504, "min_games": 32, "patience": 6}, "reward": {"food_reward": 72.42098903646738, "death_penalty": -19.9102134705438, "distance_reward_factor": 1.1845555704130764, "distance_penalty_factor": 0.5679743327941782, "direction_reward_factor": 0.4233528887074309, "direction_penalty_factor": 0.9790034608821717, "length_reward_factor": 0.04623168029346482, "max_length": 80}}}
{"game": 30, "score": 0, "avg_score": 0.16129032258064516, "reward": -34.395312370280465, "early_stop": {"no_improvement_count": 0, "best_avg_score": -Infinity}, "params": {"network": {"hidden_dim": 65, "lr": 0.0008415060046069011, "gamma": 0.9698480356332629, "epsilon": 0.21889688459045942, "epochs": 17, "batch_size": 32, "gae_lambda": 0.9501403727703248}, "early_stop": {"early_stop_window": 41, "early_stop_threshold": 0.26721136997057504, "min_games": 32, "patience": 6}, "reward": {"food_reward": 72.42098903646738, "death_penalty": -19.9102134705438, "distance_reward_factor": 1.1845555704130764, "distance_penalty_factor": 0.5679743327941782, "direction_reward_factor": 0.4233528887074309, "direction_penalty_factor": 0.9790034608821717, "length_reward_factor": 0.04623168029346482, "max_length": 80}}}
