{"game": 0, "score": 0, "avg_score": 0.0, "reward": 12.070331286494184, "early_stop": {"no_improvement_count": 0, "best_avg_score": -Infinity}, "params": {"network": {"hidden_dim": 42, "lr": 0.0007993545682436579, "gamma": 0.9617306942888872, "epsilon": 0.1799686389595785, "epochs": 13, "batch_size": 40, "gae_lambda": 0.9399721120328282}, "early_stop": {"early_stop_window": 28, "early_stop_threshold": 0.4862161875796856, "min_games": 34, "patience": 4}, "reward": {"food_reward": 15.055520000447991, "death_penalty": -13.7971822557606, "distance_reward_factor": 0.4820536195956301, "distance_penalty_factor": 0.4881816630997051, "direction_reward_factor": 0.6885227401958949, "direction_penalty_factor": 0.36816510847400474, "length_reward_factor": 0.14997915767468184, "max_length": 66}}}
{"game": 10, "score": 1, "avg_score": 0.18181818181818182, "reward": 23.67935372579463, "early_stop": {"no_improvement_count": 0, "best_avg_score": -Infinity}, "params": {"network": {"hidden_dim": 42, "lr": 0.0007993545682436579, "gamma": 0.9617306942888872, "epsilon": 0.1799686389595785, "epochs": 13, "batch_size": 40, "gae_lambda": 0.9399721120328282}, "early_stop": {"early_stop_window": 28, "early_stop_threshold": 0.4862161875796856, "min_games": 34, "patience": 4}, "reward": {"food_reward": 15.055520000447991, "death_penalty": -13.7971822557606, "distance_reward_factor": 0.4820536195956301, "distance_penalty_factor": 0.4881816630997051, "direction_reward_factor": 0.6885227401958949, "direction_penalty_factor": 0.36816510847400474, "length_reward_factor": 0.14997915767468184, "max_length": 66}}}
