{"game": 0, "score": 0, "avg_score": 0.0, "reward": 73.63380654646453, "early_stop": {"no_improvement_count": 0, "best_avg_score": -Infinity}, "params": {"network": {"hidden_dim": 36, "lr": 0.0003238447282034728, "gamma": 0.9645196399578921, "epsilon": 0.2218771344765039, "epochs": 12, "batch_size": 69, "gae_lambda": 0.9375709372782733}, "early_stop": {"early_stop_window": 41, "early_stop_threshold": 0.38909066122916075, "min_games": 37, "patience": 6}, "reward": {"food_reward": 77.8904766193379, "death_penalty": -15.83199732044869, "distance_reward_factor": 1.1859430196126008, "distance_penalty_factor": 0.6369284141615384, "direction_reward_factor": 0.5857856524346456, "direction_penalty_factor": 0.6627154405204626, "length_reward_factor": 0.0554889413177222, "max_length": 50}}}
{"game": 10, "score": 0, "avg_score": 0.0, "reward": -29.655994904585455, "early_stop": {"no_improvement_count": 0, "best_avg_score": -Infinity}, "params": {"network": {"hidden_dim": 36, "lr": 0.0003238447282034728, "gamma": 0.9645196399578921, "epsilon": 0.2218771344765039, "epochs": 12, "batch_size": 69, "gae_lambda": 0.9375709372782733}, "early_stop": {"early_stop_window": 41, "early_stop_threshold": 0.38909066122916075, "min_games": 37, "patience": 6}, "reward": {"food_reward": 77.8904766193379, "death_penalty": -15.83199732044869, "distance_reward_factor": 1.1859430196126008, "distance_penalty_factor": 0.6369284141615384, "direction_reward_factor": 0.5857856524346456, "direction_penalty_factor": 0.6627154405204626, "length_reward_factor": 0.0554889413177222, "max_length": 50}}}
{"game": 20, "score": 0, "avg_score": 0.047619047619047616, "reward": -11.691115274542206, "early_stop": {"no_improvement_count": 0, "best_avg_score": -Infinity}, "params": {"network": {"hidden_dim": 36, "lr": 0.0003238447282034728, "gamma": 0.9645196399578921, "epsilon": 0.2218771344765039, "epochs": 12, "batch_size": 69, "gae_lambda": 0.9375709372782733}, "early_stop": {"early_stop_window": 41, "early_stop_threshold": 0.38909066122916075, "min_games": 37, "patience": 6}, "reward": {"food_reward": 77.8904766193379, "death_penalty": -15.83199732044869, "distance_reward_factor": 1.1859430196126008, "distance_penalty_factor": 0.6369284141615384, "direction_reward_factor": 0.5857856524346456, "direction_penalty_factor": 0.6627154405204626, "length_reward_factor": 0.0554889413177222, "max_length": 50}}}
{"game": 30, "score": 0, "avg_score": 0.03225806451612903, "reward": 1.416468538959613, "early_stop": {"no_improvement_count": 0, "best_avg_score": -Infinity}, "params": {"network": {"hidden_dim": 36, "lr": 0.0003238447282034728, "gamma": 0.9645196399578921, "epsilon": 0.2218771344765039, "epochs": 12, "batch_size": 69, "gae_lambda": 0.9375709372782733}, "early_stop": {"early_stop_window": 41, "early_stop_threshold": 0.38909066122916075, "min_games": 37, "patience": 6}, "reward": {"food_reward": 77.8904766193379, "death_penalty": -15.83199732044869, "distance_reward_factor": 1.1859430196126008, "distance_penalty_factor": 0.6369284141615384, "direction_reward_factor": 0.5857856524346456, "direction_penalty_factor": 0.6627154405204626, "length_reward_factor": 0.0554889413177222, "max_length": 50}}}
{"game": 40, "score": 0, "avg_score": 0.04878048780487805, "reward": 1.4251978259926297, "early_stop": {"no_improvement_count": 3, "best_avg_score": 0.05263157894736842}, "params": {"network": {"hidden_dim": 36, "lr": 0.0003238447282034728, "gamma": 0.9645196399578921, "epsilon": 0.2218771344765039, "epochs": 12, "batch_size": 69, "gae_lambda": 0.9375709372782733}, "early_stop": {"early_stop_window": 41, "early_stop_threshold": 0.38909066122916075, "min_games": 37, "patience": 6}, "reward": {"food_reward": 77.8904766193379, "death_penalty": -15.83199732044869, "distance_reward_factor": 1.1859430196126008, "distance_penalty_factor": 0.6369284141615384, "direction_reward_factor": 0.5857856524346456, "direction_penalty_factor": 0.6627154405204626, "length_reward_factor": 0.0554889413177222, "max_length": 50}}}
