{"game": 0, "score": 0, "avg_score": 0.0, "reward": 95.44297017765169, "early_stop": {"no_improvement_count": 0, "best_avg_score": -Infinity}, "params": {"network": {"hidden_dim": 36, "lr": 0.0007908687242381928, "gamma": 0.9617982341450212, "epsilon": 0.22365436522328352, "epochs": 18, "batch_size": 43, "gae_lambda": 0.9419388897870385}, "early_stop": {"early_stop_window": 35, "early_stop_threshold": 0.11664968461223049, "min_games": 36, "patience": 6}, "reward": {"food_reward": 58.89096197325338, "death_penalty": -13.67218748139061, "distance_reward_factor": 0.6834271461194106, "distance_penalty_factor": 0.27147492499333054, "direction_reward_factor": 0.5000477247938625, "direction_penalty_factor": 0.33032488398990967, "length_reward_factor": 0.052197761520945005, "max_length": 38}}}
{"game": 10, "score": 0, "avg_score": 0.09090909090909091, "reward": 32.39060719142444, "early_stop": {"no_improvement_count": 0, "best_avg_score": -Infinity}, "params": {"network": {"hidden_dim": 36, "lr": 0.0007908687242381928, "gamma": 0.9617982341450212, "epsilon": 0.22365436522328352, "epochs": 18, "batch_size": 43, "gae_lambda": 0.9419388897870385}, "early_stop": {"early_stop_window": 35, "early_stop_threshold": 0.11664968461223049, "min_games": 36, "patience": 6}, "reward": {"food_reward": 58.89096197325338, "death_penalty": -13.67218748139061, "distance_reward_factor": 0.6834271461194106, "distance_penalty_factor": 0.27147492499333054, "direction_reward_factor": 0.5000477247938625, "direction_penalty_factor": 0.33032488398990967, "length_reward_factor": 0.052197761520945005, "max_length": 38}}}
{"game": 20, "score": 0, "avg_score": 0.23809523809523808, "reward": 57.333547917103175, "early_stop": {"no_improvement_count": 0, "best_avg_score": -Infinity}, "params": {"network": {"hidden_dim": 36, "lr": 0.0007908687242381928, "gamma": 0.9617982341450212, "epsilon": 0.22365436522328352, "epochs": 18, "batch_size": 43, "gae_lambda": 0.9419388897870385}, "early_stop": {"early_stop_window": 35, "early_stop_threshold": 0.11664968461223049, "min_games": 36, "patience": 6}, "reward": {"food_reward": 58.89096197325338, "death_penalty": -13.67218748139061, "distance_reward_factor": 0.6834271461194106, "distance_penalty_factor": 0.27147492499333054, "direction_reward_factor": 0.5000477247938625, "direction_penalty_factor": 0.33032488398990967, "length_reward_factor": 0.052197761520945005, "max_length": 38}}}
{"game": 30, "score": 1, "avg_score": 0.25806451612903225, "reward": 56.1869424696808, "early_stop": {"no_improvement_count": 0, "best_avg_score": -Infinity}, "params": {"network": {"hidden_dim": 36, "lr": 0.0007908687242381928, "gamma": 0.9617982341450212, "epsilon": 0.22365436522328352, "epochs": 18, "batch_size": 43, "gae_lambda": 0.9419388897870385}, "early_stop": {"early_stop_window": 35, "early_stop_threshold": 0.11664968461223049, "min_games": 36, "patience": 6}, "reward": {"food_reward": 58.89096197325338, "death_penalty": -13.67218748139061, "distance_reward_factor": 0.6834271461194106, "distance_penalty_factor": 0.27147492499333054, "direction_reward_factor": 0.5000477247938625, "direction_penalty_factor": 0.33032488398990967, "length_reward_factor": 0.052197761520945005, "max_length": 38}}}
{"game": 40, "score": 1, "avg_score": 0.3142857142857143, "reward": 52.369838451565926, "early_stop": {"no_improvement_count": 1, "best_avg_score": 0.3142857142857143}, "params": {"network": {"hidden_dim": 36, "lr": 0.0007908687242381928, "gamma": 0.9617982341450212, "epsilon": 0.22365436522328352, "epochs": 18, "batch_size": 43, "gae_lambda": 0.9419388897870385}, "early_stop": {"early_stop_window": 35, "early_stop_threshold": 0.11664968461223049, "min_games": 36, "patience": 6}, "reward": {"food_reward": 58.89096197325338, "death_penalty": -13.67218748139061, "distance_reward_factor": 0.6834271461194106, "distance_penalty_factor": 0.27147492499333054, "direction_reward_factor": 0.5000477247938625, "direction_penalty_factor": 0.33032488398990967, "length_reward_factor": 0.052197761520945005, "max_length": 38}}}
