{"game": 0, "score": 0, "avg_score": 0.0, "reward": 16.189815983080106, "early_stop": {"no_improvement_count": 0, "best_avg_score": -Infinity}, "params": {"network": {"hidden_dim": 46, "lr": 0.0005740150545872899, "gamma": 0.9509573335794569, "epsilon": 0.22058916409747906, "epochs": 18, "batch_size": 56, "gae_lambda": 0.940300263230444}, "early_stop": {"early_stop_window": 30, "early_stop_threshold": 0.25998665540155996, "min_games": 40, "patience": 6}, "reward": {"food_reward": 32.342446261955445, "death_penalty": -12.901863834504734, "distance_reward_factor": 1.5599549148582859, "distance_penalty_factor": 0.8543472738778524, "direction_reward_factor": 0.8604025259336258, "direction_penalty_factor": 0.6897349941219061, "length_reward_factor": 0.17015892138290023, "max_length": 90}}}
{"game": 10, "score": 0, "avg_score": 0.18181818181818182, "reward": 31.229575154767222, "early_stop": {"no_improvement_count": 0, "best_avg_score": -Infinity}, "params": {"network": {"hidden_dim": 46, "lr": 0.0005740150545872899, "gamma": 0.9509573335794569, "epsilon": 0.22058916409747906, "epochs": 18, "batch_size": 56, "gae_lambda": 0.940300263230444}, "early_stop": {"early_stop_window": 30, "early_stop_threshold": 0.25998665540155996, "min_games": 40, "patience": 6}, "reward": {"food_reward": 32.342446261955445, "death_penalty": -12.901863834504734, "distance_reward_factor": 1.5599549148582859, "distance_penalty_factor": 0.8543472738778524, "direction_reward_factor": 0.8604025259336258, "direction_penalty_factor": 0.6897349941219061, "length_reward_factor": 0.17015892138290023, "max_length": 90}}}
{"game": 20, "score": 0, "avg_score": 0.5238095238095238, "reward": 23.88392451997714, "early_stop": {"no_improvement_count": 0, "best_avg_score": -Infinity}, "params": {"network": {"hidden_dim": 46, "lr": 0.0005740150545872899, "gamma": 0.9509573335794569, "epsilon": 0.22058916409747906, "epochs": 18, "batch_size": 56, "gae_lambda": 0.940300263230444}, "early_stop": {"early_stop_window": 30, "early_stop_threshold": 0.25998665540155996, "min_games": 40, "patience": 6}, "reward": {"food_reward": 32.342446261955445, "death_penalty": -12.901863834504734, "distance_reward_factor": 1.5599549148582859, "distance_penalty_factor": 0.8543472738778524, "direction_reward_factor": 0.8604025259336258, "direction_penalty_factor": 0.6897349941219061, "length_reward_factor": 0.17015892138290023, "max_length": 90}}}
{"game": 30, "score": 2, "avg_score": 1.0666666666666667, "reward": 206.61152441153033, "early_stop": {"no_improvement_count": 0, "best_avg_score": -Infinity}, "params": {"network": {"hidden_dim": 46, "lr": 0.0005740150545872899, "gamma": 0.9509573335794569, "epsilon": 0.22058916409747906, "epochs": 18, "batch_size": 56, "gae_lambda": 0.940300263230444}, "early_stop": {"early_stop_window": 30, "early_stop_threshold": 0.25998665540155996, "min_games": 40, "patience": 6}, "reward": {"food_reward": 32.342446261955445, "death_penalty": -12.901863834504734, "distance_reward_factor": 1.5599549148582859, "distance_penalty_factor": 0.8543472738778524, "direction_reward_factor": 0.8604025259336258, "direction_penalty_factor": 0.6897349941219061, "length_reward_factor": 0.17015892138290023, "max_length": 90}}}
{"game": 40, "score": 4, "avg_score": 1.7666666666666666, "reward": 282.16158589348, "early_stop": {"no_improvement_count": 0, "best_avg_score": 1.7666666666666666}, "params": {"network": {"hidden_dim": 46, "lr": 0.0005740150545872899, "gamma": 0.9509573335794569, "epsilon": 0.22058916409747906, "epochs": 18, "batch_size": 56, "gae_lambda": 0.940300263230444}, "early_stop": {"early_stop_window": 30, "early_stop_threshold": 0.25998665540155996, "min_games": 40, "patience": 6}, "reward": {"food_reward": 32.342446261955445, "death_penalty": -12.901863834504734, "distance_reward_factor": 1.5599549148582859, "distance_penalty_factor": 0.8543472738778524, "direction_reward_factor": 0.8604025259336258, "direction_penalty_factor": 0.6897349941219061, "length_reward_factor": 0.17015892138290023, "max_length": 90}}}
{"game": 50, "score": 3, "avg_score": 3.066666666666667, "reward": 165.97223611456633, "early_stop": {"no_improvement_count": 2, "best_avg_score": 2.9}, "params": {"network": {"hidden_dim": 46, "lr": 0.0005740150545872899, "gamma": 0.9509573335794569, "epsilon": 0.22058916409747906, "epochs": 18, "batch_size": 56, "gae_lambda": 0.940300263230444}, "early_stop": {"early_stop_window": 30, "early_stop_threshold": 0.25998665540155996, "min_games": 40, "patience": 6}, "reward": {"food_reward": 32.342446261955445, "death_penalty": -12.901863834504734, "distance_reward_factor": 1.5599549148582859, "distance_penalty_factor": 0.8543472738778524, "direction_reward_factor": 0.8604025259336258, "direction_penalty_factor": 0.6897349941219061, "length_reward_factor": 0.17015892138290023, "max_length": 90}}}
