{"game": 0, "score": 0, "avg_score": 0.0, "reward": -2.5239130867480064, "early_stop": {"no_improvement_count": 0, "best_avg_score": -Infinity}, "params": {"network": {"hidden_dim": 44, "lr": 0.000592691686937144, "gamma": 0.9520433626614258, "epsilon": 0.2231147554400886, "epochs": 13, "batch_size": 32, "gae_lambda": 0.9409370976282877}, "early_stop": {"early_stop_window": 34, "early_stop_threshold": 0.48979669403105935, "min_games": 43, "patience": 7}, "reward": {"food_reward": 43.630767002842916, "death_penalty": -14.929896474805084, "distance_reward_factor": 1.3506062339692602, "distance_penalty_factor": 0.6965451785009441, "direction_reward_factor": 0.6770635215084397, "direction_penalty_factor": 0.8605998764879634, "length_reward_factor": 0.01983050650117274, "max_length": 60}}}
{"game": 10, "score": 1, "avg_score": 0.45454545454545453, "reward": 66.86353787467914, "early_stop": {"no_improvement_count": 0, "best_avg_score": -Infinity}, "params": {"network": {"hidden_dim": 44, "lr": 0.000592691686937144, "gamma": 0.9520433626614258, "epsilon": 0.2231147554400886, "epochs": 13, "batch_size": 32, "gae_lambda": 0.9409370976282877}, "early_stop": {"early_stop_window": 34, "early_stop_threshold": 0.48979669403105935, "min_games": 43, "patience": 7}, "reward": {"food_reward": 43.630767002842916, "death_penalty": -14.929896474805084, "distance_reward_factor": 1.3506062339692602, "distance_penalty_factor": 0.6965451785009441, "direction_reward_factor": 0.6770635215084397, "direction_penalty_factor": 0.8605998764879634, "length_reward_factor": 0.01983050650117274, "max_length": 60}}}
{"game": 20, "score": 1, "avg_score": 0.6190476190476191, "reward": 43.02091510196682, "early_stop": {"no_improvement_count": 0, "best_avg_score": -Infinity}, "params": {"network": {"hidden_dim": 44, "lr": 0.000592691686937144, "gamma": 0.9520433626614258, "epsilon": 0.2231147554400886, "epochs": 13, "batch_size": 32, "gae_lambda": 0.9409370976282877}, "early_stop": {"early_stop_window": 34, "early_stop_threshold": 0.48979669403105935, "min_games": 43, "patience": 7}, "reward": {"food_reward": 43.630767002842916, "death_penalty": -14.929896474805084, "distance_reward_factor": 1.3506062339692602, "distance_penalty_factor": 0.6965451785009441, "direction_reward_factor": 0.6770635215084397, "direction_penalty_factor": 0.8605998764879634, "length_reward_factor": 0.01983050650117274, "max_length": 60}}}
{"game": 30, "score": 1, "avg_score": 0.8709677419354839, "reward": 50.18841329734594, "early_stop": {"no_improvement_count": 0, "best_avg_score": -Infinity}, "params": {"network": {"hidden_dim": 44, "lr": 0.000592691686937144, "gamma": 0.9520433626614258, "epsilon": 0.2231147554400886, "epochs": 13, "batch_size": 32, "gae_lambda": 0.9409370976282877}, "early_stop": {"early_stop_window": 34, "early_stop_threshold": 0.48979669403105935, "min_games": 43, "patience": 7}, "reward": {"food_reward": 43.630767002842916, "death_penalty": -14.929896474805084, "distance_reward_factor": 1.3506062339692602, "distance_penalty_factor": 0.6965451785009441, "direction_reward_factor": 0.6770635215084397, "direction_penalty_factor": 0.8605998764879634, "length_reward_factor": 0.01983050650117274, "max_length": 60}}}
{"game": 40, "score": 1, "avg_score": 1.1764705882352942, "reward": 86.60649870061769, "early_stop": {"no_improvement_count": 0, "best_avg_score": -Infinity}, "params": {"network": {"hidden_dim": 44, "lr": 0.000592691686937144, "gamma": 0.9520433626614258, "epsilon": 0.2231147554400886, "epochs": 13, "batch_size": 32, "gae_lambda": 0.9409370976282877}, "early_stop": {"early_stop_window": 34, "early_stop_threshold": 0.48979669403105935, "min_games": 43, "patience": 7}, "reward": {"food_reward": 43.630767002842916, "death_penalty": -14.929896474805084, "distance_reward_factor": 1.3506062339692602, "distance_penalty_factor": 0.6965451785009441, "direction_reward_factor": 0.6770635215084397, "direction_penalty_factor": 0.8605998764879634, "length_reward_factor": 0.01983050650117274, "max_length": 60}}}
