{"game": 0, "score": 0, "avg_score": 0.0, "reward": -36.82042923177586, "early_stop": {"no_improvement_count": 0, "best_avg_score": -Infinity}, "params": {"network": {"hidden_dim": 41, "lr": 0.0006145314976863458, "gamma": 0.9517083281336894, "epsilon": 0.24459139681336242, "epochs": 13, "batch_size": 38, "gae_lambda": 0.9188756929002189}, "early_stop": {"early_stop_window": 40, "early_stop_threshold": 0.47541377917977734, "min_games": 47, "patience": 7}, "reward": {"food_reward": 64.28785130330888, "death_penalty": -16.131380931363143, "distance_reward_factor": 1.0316464464348702, "distance_penalty_factor": 0.5057090954354058, "direction_reward_factor": 0.46938429924650954, "direction_penalty_factor": 0.8929075212348262, "length_reward_factor": 0.011270317168762478, "max_length": 53}}}
{"game": 10, "score": 1, "avg_score": 0.45454545454545453, "reward": 58.21901339083999, "early_stop": {"no_improvement_count": 0, "best_avg_score": -Infinity}, "params": {"network": {"hidden_dim": 41, "lr": 0.0006145314976863458, "gamma": 0.9517083281336894, "epsilon": 0.24459139681336242, "epochs": 13, "batch_size": 38, "gae_lambda": 0.9188756929002189}, "early_stop": {"early_stop_window": 40, "early_stop_threshold": 0.47541377917977734, "min_games": 47, "patience": 7}, "reward": {"food_reward": 64.28785130330888, "death_penalty": -16.131380931363143, "distance_reward_factor": 1.0316464464348702, "distance_penalty_factor": 0.5057090954354058, "direction_reward_factor": 0.46938429924650954, "direction_penalty_factor": 0.8929075212348262, "length_reward_factor": 0.011270317168762478, "max_length": 53}}}
{"game": 20, "score": 1, "avg_score": 0.5714285714285714, "reward": 67.67205420042792, "early_stop": {"no_improvement_count": 0, "best_avg_score": -Infinity}, "params": {"network": {"hidden_dim": 41, "lr": 0.0006145314976863458, "gamma": 0.9517083281336894, "epsilon": 0.24459139681336242, "epochs": 13, "batch_size": 38, "gae_lambda": 0.9188756929002189}, "early_stop": {"early_stop_window": 40, "early_stop_threshold": 0.47541377917977734, "min_games": 47, "patience": 7}, "reward": {"food_reward": 64.28785130330888, "death_penalty": -16.131380931363143, "distance_reward_factor": 1.0316464464348702, "distance_penalty_factor": 0.5057090954354058, "direction_reward_factor": 0.46938429924650954, "direction_penalty_factor": 0.8929075212348262, "length_reward_factor": 0.011270317168762478, "max_length": 53}}}
{"game": 30, "score": 1, "avg_score": 0.7096774193548387, "reward": 55.00374160010216, "early_stop": {"no_improvement_count": 0, "best_avg_score": -Infinity}, "params": {"network": {"hidden_dim": 41, "lr": 0.0006145314976863458, "gamma": 0.9517083281336894, "epsilon": 0.24459139681336242, "epochs": 13, "batch_size": 38, "gae_lambda": 0.9188756929002189}, "early_stop": {"early_stop_window": 40, "early_stop_threshold": 0.47541377917977734, "min_games": 47, "patience": 7}, "reward": {"food_reward": 64.28785130330888, "death_penalty": -16.131380931363143, "distance_reward_factor": 1.0316464464348702, "distance_penalty_factor": 0.5057090954354058, "direction_reward_factor": 0.46938429924650954, "direction_penalty_factor": 0.8929075212348262, "length_reward_factor": 0.011270317168762478, "max_length": 53}}}
{"game": 40, "score": 1, "avg_score": 0.9, "reward": 61.80131127682924, "early_stop": {"no_improvement_count": 0, "best_avg_score": -Infinity}, "params": {"network": {"hidden_dim": 41, "lr": 0.0006145314976863458, "gamma": 0.9517083281336894, "epsilon": 0.24459139681336242, "epochs": 13, "batch_size": 38, "gae_lambda": 0.9188756929002189}, "early_stop": {"early_stop_window": 40, "early_stop_threshold": 0.47541377917977734, "min_games": 47, "patience": 7}, "reward": {"food_reward": 64.28785130330888, "death_penalty": -16.131380931363143, "distance_reward_factor": 1.0316464464348702, "distance_penalty_factor": 0.5057090954354058, "direction_reward_factor": 0.46938429924650954, "direction_penalty_factor": 0.8929075212348262, "length_reward_factor": 0.011270317168762478, "max_length": 53}}}
{"game": 50, "score": 1, "avg_score": 1.15, "reward": 64.06943242772128, "early_stop": {"no_improvement_count": 3, "best_avg_score": 1.15}, "params": {"network": {"hidden_dim": 41, "lr": 0.0006145314976863458, "gamma": 0.9517083281336894, "epsilon": 0.24459139681336242, "epochs": 13, "batch_size": 38, "gae_lambda": 0.9188756929002189}, "early_stop": {"early_stop_window": 40, "early_stop_threshold": 0.47541377917977734, "min_games": 47, "patience": 7}, "reward": {"food_reward": 64.28785130330888, "death_penalty": -16.131380931363143, "distance_reward_factor": 1.0316464464348702, "distance_penalty_factor": 0.5057090954354058, "direction_reward_factor": 0.46938429924650954, "direction_penalty_factor": 0.8929075212348262, "length_reward_factor": 0.011270317168762478, "max_length": 53}}}
