{"game": 0, "score": 0, "avg_score": 0.0, "reward": -44.931040577406655, "early_stop": {"no_improvement_count": 0, "best_avg_score": -Infinity}, "params": {"network": {"hidden_dim": 46, "lr": 0.0006067950055649347, "gamma": 0.9513683457054837, "epsilon": 0.1783179339890026, "epochs": 18, "batch_size": 44, "gae_lambda": 0.9408411970115693}, "early_stop": {"early_stop_window": 50, "early_stop_threshold": 0.1737557487012028, "min_games": 43, "patience": 3}, "reward": {"food_reward": 50.450436382976754, "death_penalty": -11.417045053392227, "distance_reward_factor": 0.6580861939348911, "distance_penalty_factor": 0.3863678196591028, "direction_reward_factor": 0.1772484378852291, "direction_penalty_factor": 0.9007810051079118, "length_reward_factor": 0.1501954889333486, "max_length": 65}}}
{"game": 10, "score": 0, "avg_score": 0.2727272727272727, "reward": -106.02485055594589, "early_stop": {"no_improvement_count": 0, "best_avg_score": -Infinity}, "params": {"network": {"hidden_dim": 46, "lr": 0.0006067950055649347, "gamma": 0.9513683457054837, "epsilon": 0.1783179339890026, "epochs": 18, "batch_size": 44, "gae_lambda": 0.9408411970115693}, "early_stop": {"early_stop_window": 50, "early_stop_threshold": 0.1737557487012028, "min_games": 43, "patience": 3}, "reward": {"food_reward": 50.450436382976754, "death_penalty": -11.417045053392227, "distance_reward_factor": 0.6580861939348911, "distance_penalty_factor": 0.3863678196591028, "direction_reward_factor": 0.1772484378852291, "direction_penalty_factor": 0.9007810051079118, "length_reward_factor": 0.1501954889333486, "max_length": 65}}}
{"game": 20, "score": 0, "avg_score": 0.14285714285714285, "reward": -101.77988364277158, "early_stop": {"no_improvement_count": 0, "best_avg_score": -Infinity}, "params": {"network": {"hidden_dim": 46, "lr": 0.0006067950055649347, "gamma": 0.9513683457054837, "epsilon": 0.1783179339890026, "epochs": 18, "batch_size": 44, "gae_lambda": 0.9408411970115693}, "early_stop": {"early_stop_window": 50, "early_stop_threshold": 0.1737557487012028, "min_games": 43, "patience": 3}, "reward": {"food_reward": 50.450436382976754, "death_penalty": -11.417045053392227, "distance_reward_factor": 0.6580861939348911, "distance_penalty_factor": 0.3863678196591028, "direction_reward_factor": 0.1772484378852291, "direction_penalty_factor": 0.9007810051079118, "length_reward_factor": 0.1501954889333486, "max_length": 65}}}
{"game": 30, "score": 0, "avg_score": 0.16129032258064516, "reward": -103.90236709935871, "early_stop": {"no_improvement_count": 0, "best_avg_score": -Infinity}, "params": {"network": {"hidden_dim": 46, "lr": 0.0006067950055649347, "gamma": 0.9513683457054837, "epsilon": 0.1783179339890026, "epochs": 18, "batch_size": 44, "gae_lambda": 0.9408411970115693}, "early_stop": {"early_stop_window": 50, "early_stop_threshold": 0.1737557487012028, "min_games": 43, "patience": 3}, "reward": {"food_reward": 50.450436382976754, "death_penalty": -11.417045053392227, "distance_reward_factor": 0.6580861939348911, "distance_penalty_factor": 0.3863678196591028, "direction_reward_factor": 0.1772484378852291, "direction_penalty_factor": 0.9007810051079118, "length_reward_factor": 0.1501954889333486, "max_length": 65}}}
{"game": 40, "score": 0, "avg_score": 0.2682926829268293, "reward": -36.23655107057176, "early_stop": {"no_improvement_count": 0, "best_avg_score": -Infinity}, "params": {"network": {"hidden_dim": 46, "lr": 0.0006067950055649347, "gamma": 0.9513683457054837, "epsilon": 0.1783179339890026, "epochs": 18, "batch_size": 44, "gae_lambda": 0.9408411970115693}, "early_stop": {"early_stop_window": 50, "early_stop_threshold": 0.1737557487012028, "min_games": 43, "patience": 3}, "reward": {"food_reward": 50.450436382976754, "death_penalty": -11.417045053392227, "distance_reward_factor": 0.6580861939348911, "distance_penalty_factor": 0.3863678196591028, "direction_reward_factor": 0.1772484378852291, "direction_penalty_factor": 0.9007810051079118, "length_reward_factor": 0.1501954889333486, "max_length": 65}}}
