{"game": 0, "score": 1, "avg_score": 1.0, "reward": 71.26460217055296, "early_stop": {"no_improvement_count": 0, "best_avg_score": -Infinity}, "params": {"network": {"hidden_dim": 47, "lr": 0.0005939916151612737, "gamma": 0.9524549739830362, "epsilon": 0.22280992020985516, "epochs": 13, "batch_size": 33, "gae_lambda": 0.9426956029379653}, "early_stop": {"early_stop_window": 39, "early_stop_threshold": 0.48902112570724493, "min_games": 46, "patience": 7}, "reward": {"food_reward": 66.29003149305146, "death_penalty": -15.923407107586385, "distance_reward_factor": 1.0591717802953438, "distance_penalty_factor": 0.5368311801405953, "direction_reward_factor": 0.47750514547789835, "direction_penalty_factor": 0.9213762185277601, "length_reward_factor": 0.023179945725978993, "max_length": 54}}}
{"game": 10, "score": 1, "avg_score": 0.45454545454545453, "reward": 63.26013192546141, "early_stop": {"no_improvement_count": 0, "best_avg_score": -Infinity}, "params": {"network": {"hidden_dim": 47, "lr": 0.0005939916151612737, "gamma": 0.9524549739830362, "epsilon": 0.22280992020985516, "epochs": 13, "batch_size": 33, "gae_lambda": 0.9426956029379653}, "early_stop": {"early_stop_window": 39, "early_stop_threshold": 0.48902112570724493, "min_games": 46, "patience": 7}, "reward": {"food_reward": 66.29003149305146, "death_penalty": -15.923407107586385, "distance_reward_factor": 1.0591717802953438, "distance_penalty_factor": 0.5368311801405953, "direction_reward_factor": 0.47750514547789835, "direction_penalty_factor": 0.9213762185277601, "length_reward_factor": 0.023179945725978993, "max_length": 54}}}
{"game": 20, "score": 1, "avg_score": 0.6666666666666666, "reward": 62.88065118399339, "early_stop": {"no_improvement_count": 0, "best_avg_score": -Infinity}, "params": {"network": {"hidden_dim": 47, "lr": 0.0005939916151612737, "gamma": 0.9524549739830362, "epsilon": 0.22280992020985516, "epochs": 13, "batch_size": 33, "gae_lambda": 0.9426956029379653}, "early_stop": {"early_stop_window": 39, "early_stop_threshold": 0.48902112570724493, "min_games": 46, "patience": 7}, "reward": {"food_reward": 66.29003149305146, "death_penalty": -15.923407107586385, "distance_reward_factor": 1.0591717802953438, "distance_penalty_factor": 0.5368311801405953, "direction_reward_factor": 0.47750514547789835, "direction_penalty_factor": 0.9213762185277601, "length_reward_factor": 0.023179945725978993, "max_length": 54}}}
{"game": 30, "score": 2, "avg_score": 0.7419354838709677, "reward": 143.85109426349646, "early_stop": {"no_improvement_count": 0, "best_avg_score": -Infinity}, "params": {"network": {"hidden_dim": 47, "lr": 0.0005939916151612737, "gamma": 0.9524549739830362, "epsilon": 0.22280992020985516, "epochs": 13, "batch_size": 33, "gae_lambda": 0.9426956029379653}, "early_stop": {"early_stop_window": 39, "early_stop_threshold": 0.48902112570724493, "min_games": 46, "patience": 7}, "reward": {"food_reward": 66.29003149305146, "death_penalty": -15.923407107586385, "distance_reward_factor": 1.0591717802953438, "distance_penalty_factor": 0.5368311801405953, "direction_reward_factor": 0.47750514547789835, "direction_penalty_factor": 0.9213762185277601, "length_reward_factor": 0.023179945725978993, "max_length": 54}}}
{"game": 40, "score": 1, "avg_score": 0.9743589743589743, "reward": 79.20007044452146, "early_stop": {"no_improvement_count": 0, "best_avg_score": -Infinity}, "params": {"network": {"hidden_dim": 47, "lr": 0.0005939916151612737, "gamma": 0.9524549739830362, "epsilon": 0.22280992020985516, "epochs": 13, "batch_size": 33, "gae_lambda": 0.9426956029379653}, "early_stop": {"early_stop_window": 39, "early_stop_threshold": 0.48902112570724493, "min_games": 46, "patience": 7}, "reward": {"food_reward": 66.29003149305146, "death_penalty": -15.923407107586385, "distance_reward_factor": 1.0591717802953438, "distance_penalty_factor": 0.5368311801405953, "direction_reward_factor": 0.47750514547789835, "direction_penalty_factor": 0.9213762185277601, "length_reward_factor": 0.023179945725978993, "max_length": 54}}}
{"game": 50, "score": 5, "avg_score": 1.3076923076923077, "reward": 447.5526170303499, "early_stop": {"no_improvement_count": 4, "best_avg_score": 1.1025641025641026}, "params": {"network": {"hidden_dim": 47, "lr": 0.0005939916151612737, "gamma": 0.9524549739830362, "epsilon": 0.22280992020985516, "epochs": 13, "batch_size": 33, "gae_lambda": 0.9426956029379653}, "early_stop": {"early_stop_window": 39, "early_stop_threshold": 0.48902112570724493, "min_games": 46, "patience": 7}, "reward": {"food_reward": 66.29003149305146, "death_penalty": -15.923407107586385, "distance_reward_factor": 1.0591717802953438, "distance_penalty_factor": 0.5368311801405953, "direction_reward_factor": 0.47750514547789835, "direction_penalty_factor": 0.9213762185277601, "length_reward_factor": 0.023179945725978993, "max_length": 54}}}
