{"game": 0, "score": 0, "avg_score": 0.0, "reward": -30.524533081482573, "early_stop": {"no_improvement_count": 0, "best_avg_score": -Infinity}, "params": {"network": {"hidden_dim": 45, "lr": 0.000579228883333838, "gamma": 0.9507442252657163, "epsilon": 0.21268349312810822, "epochs": 13, "batch_size": 35, "gae_lambda": 0.9397019614232178}, "early_stop": {"early_stop_window": 40, "early_stop_threshold": 0.49154199777637525, "min_games": 48, "patience": 7}, "reward": {"food_reward": 60.73452740046384, "death_penalty": -16.004939533921, "distance_reward_factor": 1.335030536467446, "distance_penalty_factor": 0.6957549923200216, "direction_reward_factor": 0.5420924478224648, "direction_penalty_factor": 0.9530951946765557, "length_reward_factor": 0.019627043050740752, "max_length": 61}}}
{"game": 10, "score": 1, "avg_score": 0.45454545454545453, "reward": 64.32301069248823, "early_stop": {"no_improvement_count": 0, "best_avg_score": -Infinity}, "params": {"network": {"hidden_dim": 45, "lr": 0.000579228883333838, "gamma": 0.9507442252657163, "epsilon": 0.21268349312810822, "epochs": 13, "batch_size": 35, "gae_lambda": 0.9397019614232178}, "early_stop": {"early_stop_window": 40, "early_stop_threshold": 0.49154199777637525, "min_games": 48, "patience": 7}, "reward": {"food_reward": 60.73452740046384, "death_penalty": -16.004939533921, "distance_reward_factor": 1.335030536467446, "distance_penalty_factor": 0.6957549923200216, "direction_reward_factor": 0.5420924478224648, "direction_penalty_factor": 0.9530951946765557, "length_reward_factor": 0.019627043050740752, "max_length": 61}}}
{"game": 20, "score": 2, "avg_score": 0.8571428571428571, "reward": 174.06737240318122, "early_stop": {"no_improvement_count": 0, "best_avg_score": -Infinity}, "params": {"network": {"hidden_dim": 45, "lr": 0.000579228883333838, "gamma": 0.9507442252657163, "epsilon": 0.21268349312810822, "epochs": 13, "batch_size": 35, "gae_lambda": 0.9397019614232178}, "early_stop": {"early_stop_window": 40, "early_stop_threshold": 0.49154199777637525, "min_games": 48, "patience": 7}, "reward": {"food_reward": 60.73452740046384, "death_penalty": -16.004939533921, "distance_reward_factor": 1.335030536467446, "distance_penalty_factor": 0.6957549923200216, "direction_reward_factor": 0.5420924478224648, "direction_penalty_factor": 0.9530951946765557, "length_reward_factor": 0.019627043050740752, "max_length": 61}}}
{"game": 30, "score": 1, "avg_score": 1.1290322580645162, "reward": 55.28744298576815, "early_stop": {"no_improvement_count": 0, "best_avg_score": -Infinity}, "params": {"network": {"hidden_dim": 45, "lr": 0.000579228883333838, "gamma": 0.9507442252657163, "epsilon": 0.21268349312810822, "epochs": 13, "batch_size": 35, "gae_lambda": 0.9397019614232178}, "early_stop": {"early_stop_window": 40, "early_stop_threshold": 0.49154199777637525, "min_games": 48, "patience": 7}, "reward": {"food_reward": 60.73452740046384, "death_penalty": -16.004939533921, "distance_reward_factor": 1.335030536467446, "distance_penalty_factor": 0.6957549923200216, "direction_reward_factor": 0.5420924478224648, "direction_penalty_factor": 0.9530951946765557, "length_reward_factor": 0.019627043050740752, "max_length": 61}}}
{"game": 40, "score": 3, "avg_score": 1.375, "reward": 234.66419540708114, "early_stop": {"no_improvement_count": 0, "best_avg_score": -Infinity}, "params": {"network": {"hidden_dim": 45, "lr": 0.000579228883333838, "gamma": 0.9507442252657163, "epsilon": 0.21268349312810822, "epochs": 13, "batch_size": 35, "gae_lambda": 0.9397019614232178}, "early_stop": {"early_stop_window": 40, "early_stop_threshold": 0.49154199777637525, "min_games": 48, "patience": 7}, "reward": {"food_reward": 60.73452740046384, "death_penalty": -16.004939533921, "distance_reward_factor": 1.335030536467446, "distance_penalty_factor": 0.6957549923200216, "direction_reward_factor": 0.5420924478224648, "direction_penalty_factor": 0.9530951946765557, "length_reward_factor": 0.019627043050740752, "max_length": 61}}}
{"game": 50, "score": 3, "avg_score": 1.675, "reward": 228.40662421989913, "early_stop": {"no_improvement_count": 2, "best_avg_score": 1.575}, "params": {"network": {"hidden_dim": 45, "lr": 0.000579228883333838, "gamma": 0.9507442252657163, "epsilon": 0.21268349312810822, "epochs": 13, "batch_size": 35, "gae_lambda": 0.9397019614232178}, "early_stop": {"early_stop_window": 40, "early_stop_threshold": 0.49154199777637525, "min_games": 48, "patience": 7}, "reward": {"food_reward": 60.73452740046384, "death_penalty": -16.004939533921, "distance_reward_factor": 1.335030536467446, "distance_penalty_factor": 0.6957549923200216, "direction_reward_factor": 0.5420924478224648, "direction_penalty_factor": 0.9530951946765557, "length_reward_factor": 0.019627043050740752, "max_length": 61}}}
