{"game": 0, "score": 0, "avg_score": 0.0, "reward": 54.25873143950974, "early_stop": {"no_improvement_count": 0, "best_avg_score": -Infinity}, "params": {"network": {"hidden_dim": 47, "lr": 0.00042334882420041065, "gamma": 0.9546054153683783, "epsilon": 0.21480404206580198, "epochs": 10, "batch_size": 54, "gae_lambda": 0.9409166035647838}, "early_stop": {"early_stop_window": 31, "early_stop_threshold": 0.498820961906254, "min_games": 44, "patience": 7}, "reward": {"food_reward": 27.997034343212576, "death_penalty": -14.285405210330943, "distance_reward_factor": 1.6311970965379796, "distance_penalty_factor": 0.8419334905315258, "direction_reward_factor": 0.8812716159528549, "direction_penalty_factor": 0.8652263157453628, "length_reward_factor": 0.1778889130071046, "max_length": 97}}}
{"game": 10, "score": 0, "avg_score": 0.0, "reward": 43.39115401202075, "early_stop": {"no_improvement_count": 0, "best_avg_score": -Infinity}, "params": {"network": {"hidden_dim": 47, "lr": 0.00042334882420041065, "gamma": 0.9546054153683783, "epsilon": 0.21480404206580198, "epochs": 10, "batch_size": 54, "gae_lambda": 0.9409166035647838}, "early_stop": {"early_stop_window": 31, "early_stop_threshold": 0.498820961906254, "min_games": 44, "patience": 7}, "reward": {"food_reward": 27.997034343212576, "death_penalty": -14.285405210330943, "distance_reward_factor": 1.6311970965379796, "distance_penalty_factor": 0.8419334905315258, "direction_reward_factor": 0.8812716159528549, "direction_penalty_factor": 0.8652263157453628, "length_reward_factor": 0.1778889130071046, "max_length": 97}}}
{"game": 20, "score": 0, "avg_score": 0.19047619047619047, "reward": 48.68093007592565, "early_stop": {"no_improvement_count": 0, "best_avg_score": -Infinity}, "params": {"network": {"hidden_dim": 47, "lr": 0.00042334882420041065, "gamma": 0.9546054153683783, "epsilon": 0.21480404206580198, "epochs": 10, "batch_size": 54, "gae_lambda": 0.9409166035647838}, "early_stop": {"early_stop_window": 31, "early_stop_threshold": 0.498820961906254, "min_games": 44, "patience": 7}, "reward": {"food_reward": 27.997034343212576, "death_penalty": -14.285405210330943, "distance_reward_factor": 1.6311970965379796, "distance_penalty_factor": 0.8419334905315258, "direction_reward_factor": 0.8812716159528549, "direction_penalty_factor": 0.8652263157453628, "length_reward_factor": 0.1778889130071046, "max_length": 97}}}
{"game": 30, "score": 1, "avg_score": 0.3225806451612903, "reward": 77.59205678317002, "early_stop": {"no_improvement_count": 0, "best_avg_score": -Infinity}, "params": {"network": {"hidden_dim": 47, "lr": 0.00042334882420041065, "gamma": 0.9546054153683783, "epsilon": 0.21480404206580198, "epochs": 10, "batch_size": 54, "gae_lambda": 0.9409166035647838}, "early_stop": {"early_stop_window": 31, "early_stop_threshold": 0.498820961906254, "min_games": 44, "patience": 7}, "reward": {"food_reward": 27.997034343212576, "death_penalty": -14.285405210330943, "distance_reward_factor": 1.6311970965379796, "distance_penalty_factor": 0.8419334905315258, "direction_reward_factor": 0.8812716159528549, "direction_penalty_factor": 0.8652263157453628, "length_reward_factor": 0.1778889130071046, "max_length": 97}}}
{"game": 40, "score": 1, "avg_score": 0.6451612903225806, "reward": 57.28700505095595, "early_stop": {"no_improvement_count": 0, "best_avg_score": -Infinity}, "params": {"network": {"hidden_dim": 47, "lr": 0.00042334882420041065, "gamma": 0.9546054153683783, "epsilon": 0.21480404206580198, "epochs": 10, "batch_size": 54, "gae_lambda": 0.9409166035647838}, "early_stop": {"early_stop_window": 31, "early_stop_threshold": 0.498820961906254, "min_games": 44, "patience": 7}, "reward": {"food_reward": 27.997034343212576, "death_penalty": -14.285405210330943, "distance_reward_factor": 1.6311970965379796, "distance_penalty_factor": 0.8419334905315258, "direction_reward_factor": 0.8812716159528549, "direction_penalty_factor": 0.8652263157453628, "length_reward_factor": 0.1778889130071046, "max_length": 97}}}
{"game": 50, "score": 1, "avg_score": 0.8064516129032258, "reward": 35.29065050986847, "early_stop": {"no_improvement_count": 6, "best_avg_score": 0.7419354838709677}, "params": {"network": {"hidden_dim": 47, "lr": 0.00042334882420041065, "gamma": 0.9546054153683783, "epsilon": 0.21480404206580198, "epochs": 10, "batch_size": 54, "gae_lambda": 0.9409166035647838}, "early_stop": {"early_stop_window": 31, "early_stop_threshold": 0.498820961906254, "min_games": 44, "patience": 7}, "reward": {"food_reward": 27.997034343212576, "death_penalty": -14.285405210330943, "distance_reward_factor": 1.6311970965379796, "distance_penalty_factor": 0.8419334905315258, "direction_reward_factor": 0.8812716159528549, "direction_penalty_factor": 0.8652263157453628, "length_reward_factor": 0.1778889130071046, "max_length": 97}}}
