{"game": 0, "score": 0, "avg_score": 0.0, "reward": -18.065031964667124, "early_stop": {"no_improvement_count": 0, "best_avg_score": -Infinity}, "params": {"network": {"hidden_dim": 56, "lr": 0.00043072146686049304, "gamma": 0.9602717176669993, "epsilon": 0.21079051548272065, "epochs": 10, "batch_size": 55, "gae_lambda": 0.9458197875851397}, "early_stop": {"early_stop_window": 40, "early_stop_threshold": 0.49864571493472365, "min_games": 48, "patience": 7}, "reward": {"food_reward": 17.92015457114998, "death_penalty": -17.774142163573085, "distance_reward_factor": 1.5101955732553853, "distance_penalty_factor": 0.8679200936917918, "direction_reward_factor": 0.9826778554134412, "direction_penalty_factor": 0.9674963389557121, "length_reward_factor": 0.1877874377501565, "max_length": 97}}}
{"game": 10, "score": 0, "avg_score": 0.18181818181818182, "reward": -10.363814316386916, "early_stop": {"no_improvement_count": 0, "best_avg_score": -Infinity}, "params": {"network": {"hidden_dim": 56, "lr": 0.00043072146686049304, "gamma": 0.9602717176669993, "epsilon": 0.21079051548272065, "epochs": 10, "batch_size": 55, "gae_lambda": 0.9458197875851397}, "early_stop": {"early_stop_window": 40, "early_stop_threshold": 0.49864571493472365, "min_games": 48, "patience": 7}, "reward": {"food_reward": 17.92015457114998, "death_penalty": -17.774142163573085, "distance_reward_factor": 1.5101955732553853, "distance_penalty_factor": 0.8679200936917918, "direction_reward_factor": 0.9826778554134412, "direction_penalty_factor": 0.9674963389557121, "length_reward_factor": 0.1877874377501565, "max_length": 97}}}
{"game": 20, "score": 1, "avg_score": 0.42857142857142855, "reward": 80.21868863722295, "early_stop": {"no_improvement_count": 0, "best_avg_score": -Infinity}, "params": {"network": {"hidden_dim": 56, "lr": 0.00043072146686049304, "gamma": 0.9602717176669993, "epsilon": 0.21079051548272065, "epochs": 10, "batch_size": 55, "gae_lambda": 0.9458197875851397}, "early_stop": {"early_stop_window": 40, "early_stop_threshold": 0.49864571493472365, "min_games": 48, "patience": 7}, "reward": {"food_reward": 17.92015457114998, "death_penalty": -17.774142163573085, "distance_reward_factor": 1.5101955732553853, "distance_penalty_factor": 0.8679200936917918, "direction_reward_factor": 0.9826778554134412, "direction_penalty_factor": 0.9674963389557121, "length_reward_factor": 0.1877874377501565, "max_length": 97}}}
{"game": 30, "score": 1, "avg_score": 0.3870967741935484, "reward": 43.28509581623037, "early_stop": {"no_improvement_count": 0, "best_avg_score": -Infinity}, "params": {"network": {"hidden_dim": 56, "lr": 0.00043072146686049304, "gamma": 0.9602717176669993, "epsilon": 0.21079051548272065, "epochs": 10, "batch_size": 55, "gae_lambda": 0.9458197875851397}, "early_stop": {"early_stop_window": 40, "early_stop_threshold": 0.49864571493472365, "min_games": 48, "patience": 7}, "reward": {"food_reward": 17.92015457114998, "death_penalty": -17.774142163573085, "distance_reward_factor": 1.5101955732553853, "distance_penalty_factor": 0.8679200936917918, "direction_reward_factor": 0.9826778554134412, "direction_penalty_factor": 0.9674963389557121, "length_reward_factor": 0.1877874377501565, "max_length": 97}}}
{"game": 40, "score": 1, "avg_score": 0.55, "reward": 35.71772795943596, "early_stop": {"no_improvement_count": 0, "best_avg_score": -Infinity}, "params": {"network": {"hidden_dim": 56, "lr": 0.00043072146686049304, "gamma": 0.9602717176669993, "epsilon": 0.21079051548272065, "epochs": 10, "batch_size": 55, "gae_lambda": 0.9458197875851397}, "early_stop": {"early_stop_window": 40, "early_stop_threshold": 0.49864571493472365, "min_games": 48, "patience": 7}, "reward": {"food_reward": 17.92015457114998, "death_penalty": -17.774142163573085, "distance_reward_factor": 1.5101955732553853, "distance_penalty_factor": 0.8679200936917918, "direction_reward_factor": 0.9826778554134412, "direction_penalty_factor": 0.9674963389557121, "length_reward_factor": 0.1877874377501565, "max_length": 97}}}
{"game": 50, "score": 1, "avg_score": 0.75, "reward": 32.37530134864883, "early_stop": {"no_improvement_count": 2, "best_avg_score": 0.7}, "params": {"network": {"hidden_dim": 56, "lr": 0.00043072146686049304, "gamma": 0.9602717176669993, "epsilon": 0.21079051548272065, "epochs": 10, "batch_size": 55, "gae_lambda": 0.9458197875851397}, "early_stop": {"early_stop_window": 40, "early_stop_threshold": 0.49864571493472365, "min_games": 48, "patience": 7}, "reward": {"food_reward": 17.92015457114998, "death_penalty": -17.774142163573085, "distance_reward_factor": 1.5101955732553853, "distance_penalty_factor": 0.8679200936917918, "direction_reward_factor": 0.9826778554134412, "direction_penalty_factor": 0.9674963389557121, "length_reward_factor": 0.1877874377501565, "max_length": 97}}}
