{"game": 0, "score": 0, "avg_score": 0.0, "reward": 2.434749001695394, "early_stop": {"no_improvement_count": 0, "best_avg_score": -Infinity}, "params": {"network": {"hidden_dim": 134, "lr": 0.0006129130746644433, "gamma": 0.953195586587906, "epsilon": 0.21072221673244257, "epochs": 18, "batch_size": 102, "gae_lambda": 0.9390913130557077}, "early_stop": {"early_stop_window": 50, "early_stop_threshold": 0.2396695498979574, "min_games": 49, "patience": 3}, "reward": {"food_reward": 42.22297648683614, "death_penalty": -14.694869244141074, "distance_reward_factor": 1.2211259065507791, "distance_penalty_factor": 0.2966276725449122, "direction_reward_factor": 0.5470147535045211, "direction_penalty_factor": 0.7045668641803866, "length_reward_factor": 0.10925393725344651, "max_length": 90}}}
{"game": 10, "score": 1, "avg_score": 0.36363636363636365, "reward": 81.57511604312745, "early_stop": {"no_improvement_count": 0, "best_avg_score": -Infinity}, "params": {"network": {"hidden_dim": 134, "lr": 0.0006129130746644433, "gamma": 0.953195586587906, "epsilon": 0.21072221673244257, "epochs": 18, "batch_size": 102, "gae_lambda": 0.9390913130557077}, "early_stop": {"early_stop_window": 50, "early_stop_threshold": 0.2396695498979574, "min_games": 49, "patience": 3}, "reward": {"food_reward": 42.22297648683614, "death_penalty": -14.694869244141074, "distance_reward_factor": 1.2211259065507791, "distance_penalty_factor": 0.2966276725449122, "direction_reward_factor": 0.5470147535045211, "direction_penalty_factor": 0.7045668641803866, "length_reward_factor": 0.10925393725344651, "max_length": 90}}}
{"game": 20, "score": 1, "avg_score": 0.6190476190476191, "reward": 50.063150951071236, "early_stop": {"no_improvement_count": 0, "best_avg_score": -Infinity}, "params": {"network": {"hidden_dim": 134, "lr": 0.0006129130746644433, "gamma": 0.953195586587906, "epsilon": 0.21072221673244257, "epochs": 18, "batch_size": 102, "gae_lambda": 0.9390913130557077}, "early_stop": {"early_stop_window": 50, "early_stop_threshold": 0.2396695498979574, "min_games": 49, "patience": 3}, "reward": {"food_reward": 42.22297648683614, "death_penalty": -14.694869244141074, "distance_reward_factor": 1.2211259065507791, "distance_penalty_factor": 0.2966276725449122, "direction_reward_factor": 0.5470147535045211, "direction_penalty_factor": 0.7045668641803866, "length_reward_factor": 0.10925393725344651, "max_length": 90}}}
