{"game": 0, "score": 0, "avg_score": 0.0, "reward": -14.995075656384794, "early_stop": {"no_improvement_count": 0, "best_avg_score": -Infinity}, "params": {"network": {"hidden_dim": 43, "lr": 0.0006007713662978919, "gamma": 0.9520598785777074, "epsilon": 0.18037126776153684, "epochs": 18, "batch_size": 32, "gae_lambda": 0.9413723715932898}, "early_stop": {"early_stop_window": 42, "early_stop_threshold": 0.23496744219958948, "min_games": 41, "patience": 4}, "reward": {"food_reward": 34.14584601045935, "death_penalty": -11.72603677612092, "distance_reward_factor": 1.4109240149058822, "distance_penalty_factor": 0.8134679718631849, "direction_reward_factor": 0.647431335086845, "direction_penalty_factor": 0.9015851206278587, "length_reward_factor": 0.10589864990439903, "max_length": 65}}}
