{"game": 0, "score": 0, "avg_score": 0.0, "reward": -27.168698312154106, "early_stop": {"no_improvement_count": 0, "best_avg_score": -Infinity}, "params": {"network": {"hidden_dim": 54, "lr": 0.0004537922718235285, "gamma": 0.9626104682048396, "epsilon": 0.21177511076803113, "epochs": 10, "batch_size": 56, "gae_lambda": 0.9450495775346626}, "early_stop": {"early_stop_window": 28, "early_stop_threshold": 0.3551349186714694, "min_games": 50, "patience": 6}, "reward": {"food_reward": 14.256672725422451, "death_penalty": -17.872581991493337, "distance_reward_factor": 1.7542990363348894, "distance_penalty_factor": 0.9859785903740445, "direction_reward_factor": 0.9781830127439222, "direction_penalty_factor": 0.7033641718986997, "length_reward_factor": 0.19539997470271064, "max_length": 95}}}
{"game": 10, "score": 0, "avg_score": 0.09090909090909091, "reward": 169.35525661337778, "early_stop": {"no_improvement_count": 0, "best_avg_score": -Infinity}, "params": {"network": {"hidden_dim": 54, "lr": 0.0004537922718235285, "gamma": 0.9626104682048396, "epsilon": 0.21177511076803113, "epochs": 10, "batch_size": 56, "gae_lambda": 0.9450495775346626}, "early_stop": {"early_stop_window": 28, "early_stop_threshold": 0.3551349186714694, "min_games": 50, "patience": 6}, "reward": {"food_reward": 14.256672725422451, "death_penalty": -17.872581991493337, "distance_reward_factor": 1.7542990363348894, "distance_penalty_factor": 0.9859785903740445, "direction_reward_factor": 0.9781830127439222, "direction_penalty_factor": 0.7033641718986997, "length_reward_factor": 0.19539997470271064, "max_length": 95}}}
{"game": 20, "score": 1, "avg_score": 0.23809523809523808, "reward": 44.85239771500056, "early_stop": {"no_improvement_count": 0, "best_avg_score": -Infinity}, "params": {"network": {"hidden_dim": 54, "lr": 0.0004537922718235285, "gamma": 0.9626104682048396, "epsilon": 0.21177511076803113, "epochs": 10, "batch_size": 56, "gae_lambda": 0.9450495775346626}, "early_stop": {"early_stop_window": 28, "early_stop_threshold": 0.3551349186714694, "min_games": 50, "patience": 6}, "reward": {"food_reward": 14.256672725422451, "death_penalty": -17.872581991493337, "distance_reward_factor": 1.7542990363348894, "distance_penalty_factor": 0.9859785903740445, "direction_reward_factor": 0.9781830127439222, "direction_penalty_factor": 0.7033641718986997, "length_reward_factor": 0.19539997470271064, "max_length": 95}}}
{"game": 30, "score": 1, "avg_score": 0.39285714285714285, "reward": 77.3248842408126, "early_stop": {"no_improvement_count": 0, "best_avg_score": -Infinity}, "params": {"network": {"hidden_dim": 54, "lr": 0.0004537922718235285, "gamma": 0.9626104682048396, "epsilon": 0.21177511076803113, "epochs": 10, "batch_size": 56, "gae_lambda": 0.9450495775346626}, "early_stop": {"early_stop_window": 28, "early_stop_threshold": 0.3551349186714694, "min_games": 50, "patience": 6}, "reward": {"food_reward": 14.256672725422451, "death_penalty": -17.872581991493337, "distance_reward_factor": 1.7542990363348894, "distance_penalty_factor": 0.9859785903740445, "direction_reward_factor": 0.9781830127439222, "direction_penalty_factor": 0.7033641718986997, "length_reward_factor": 0.19539997470271064, "max_length": 95}}}
{"game": 40, "score": 1, "avg_score": 0.6785714285714286, "reward": 170.80547441484424, "early_stop": {"no_improvement_count": 0, "best_avg_score": -Infinity}, "params": {"network": {"hidden_dim": 54, "lr": 0.0004537922718235285, "gamma": 0.9626104682048396, "epsilon": 0.21177511076803113, "epochs": 10, "batch_size": 56, "gae_lambda": 0.9450495775346626}, "early_stop": {"early_stop_window": 28, "early_stop_threshold": 0.3551349186714694, "min_games": 50, "patience": 6}, "reward": {"food_reward": 14.256672725422451, "death_penalty": -17.872581991493337, "distance_reward_factor": 1.7542990363348894, "distance_penalty_factor": 0.9859785903740445, "direction_reward_factor": 0.9781830127439222, "direction_penalty_factor": 0.7033641718986997, "length_reward_factor": 0.19539997470271064, "max_length": 95}}}
{"game": 50, "score": 1, "avg_score": 0.8214285714285714, "reward": 54.05794078730712, "early_stop": {"no_improvement_count": 0, "best_avg_score": 0.8214285714285714}, "params": {"network": {"hidden_dim": 54, "lr": 0.0004537922718235285, "gamma": 0.9626104682048396, "epsilon": 0.21177511076803113, "epochs": 10, "batch_size": 56, "gae_lambda": 0.9450495775346626}, "early_stop": {"early_stop_window": 28, "early_stop_threshold": 0.3551349186714694, "min_games": 50, "patience": 6}, "reward": {"food_reward": 14.256672725422451, "death_penalty": -17.872581991493337, "distance_reward_factor": 1.7542990363348894, "distance_penalty_factor": 0.9859785903740445, "direction_reward_factor": 0.9781830127439222, "direction_penalty_factor": 0.7033641718986997, "length_reward_factor": 0.19539997470271064, "max_length": 95}}}
